<?xml version="1.0" encoding="UTF-8"?>
<beans xmlns="http://www.springframework.org/schema/beans"
    xmlns:xsi="http://www.w3.org/2001/XMLSchema-instance"
    xmlns:context="http://www.springframework.org/schema/context"
    xsi:schemaLocation="http://www.springframework.org/schema/beans http://www.springframework.org/schema/beans/spring-beans.xsd
    http://www.springframework.org/schema/context http://www.springframework.org/schema/context/spring-context.xsd">
    
    <bean id="bankclass" class="com.sample.HDFC">
    	<!--<constructor-arg index="0" value="5.56"></constructor-arg>
    	<constructor-arg index="1" value="INDIA"></constructor-arg> -->
    	
    	<constructor-arg name="rOI" value="5.56"></constructor-arg>
    	<constructor-arg name="countryName" value="INDIA"></constructor-arg>
    	
    </bean>
</beans>